Message,Payload
GNRMC,['160256.00', 'A', '5101.74603', 'N', '01345.09047', 'E', '0.114', '', '190125', '4.68', 'E', 'D']
GNVTG,['', 'T', '', 'M', '0.114', 'N', '0.212', 'K', 'D']
GNGGA,['160256.00', '5101.74603', 'N', '01345.09047', 'E', '2', '12', '0.85', '134.6', 'M', '43.7', 'M', '', '0000']
GNGSA,['A', '3', '29', '18', '26', '31', '28', '05', '16', '25', '', '', '', '', '1.52', '0.85', '1.26']
GNGSA,['A', '3', '73', '74', '83', '84', '67', '', '', '', '', '', '', '', '1.52', '0.85', '1.26']
GPGSV,['4', '1', '15', '05', '28', '063', '40', '09', '02', '332', '', '16', '34', '302', '22', '18', '65', '171', '38']
GPGSV,['4', '2', '15', '20', '12', '032', '17', '23', '06', '154', '22', '25', '18', '137', '24', '26', '62', '282', '32']
GPGSV,['4', '3', '15', '28', '24', '213', '34', '29', '51', '074', '40', '31', '37', '238', '35', '36', '31', '168', '36']
GPGSV,['4', '4', '15', '40', '20', '132', '', '41', '04', '106', '', '49', '31', '191', '32']
GLGSV,['3', '1', '09', '66', '11', '360', '17', '67', '12', '050', '22', '73', '48', '172', '41', '74', '72', '281', '22']
GLGSV,['3', '2', '09', '75', '23', '324', '', '82', '08', '046', '20', '83', '48', '041', '32', '84', '60', '234', '22']
GLGSV,['3', '3', '09', '85', '08', '229', '15']
GNGLL,['5101.74603', 'N', '01345.09047', 'E', '160256.00', 'A', 'D']
GNRMC,['160257.00', 'A', '5101.74606', 'N', '01345.09035', 'E', '0.020', '', '190125', '4.68', 'E', 'D']
GNVTG,['', 'T', '', 'M', '0.020', 'N', '0.036', 'K', 'D']
GNGGA,['160257.00', '5101.74606', 'N', '01345.09035', 'E', '2', '12', '0.85', '134.5', 'M', '43.7', 'M', '', '0000']
GNGSA,['A', '3', '29', '18', '26', '31', '28', '05', '16', '25', '', '', '', '', '1.52', '0.85', '1.26']
GNGSA,['A', '3', '73', '74', '83', '84', '67', '', '', '', '', '', '', '', '1.52', '0.85', '1.26']
GPGSV,['4', '1', '15', '05', '28', '063', '40', '09', '02', '332', '', '16', '34', '302', '23', '18', '65', '171', '39']
GPGSV,['4', '2', '15', '20', '12', '032', '17', '23', '06', '154', '22', '25', '18', '137', '27', '26', '62', '282', '33']
GPGSV,['4', '3', '15', '28', '24', '213', '35', '29', '51', '074', '42', '31', '37', '238', '37', '36', '31', '168', '36']
GPGSV,['4', '4', '15', '40', '20', '132', '', '41', '04', '106', '', '49', '31', '191', '33']
GLGSV,['3', '1', '09', '66', '11', '360', '16', '67', '12', '050', '24', '73', '48', '172', '41', '74', '72', '281', '23']
GLGSV,['3', '2', '09', '75', '23', '324', '', '82', '08', '046', '20', '83', '48', '041', '31', '84', '60', '234', '29']
GLGSV,['3', '3', '09', '85', '08', '229', '16']
GNGLL,['5101.74606', 'N', '01345.09035', 'E', '160257.00', 'A', 'D']
GNRMC,['160258.00', 'A', '5101.74612', 'N', '01345.09015', 'E', '0.029', '', '190125', '4.68', 'E', 'D']
GNVTG,['', 'T', '', 'M', '0.029', 'N', '0.054', 'K', 'D']
GNGGA,['160258.00', '5101.74612', 'N', '01345.09015', 'E', '2', '12', '0.85', '134.1', 'M', '43.7', 'M', '', '0000']
GNGSA,['A', '3', '29', '18', '26', '31', '28', '05', '16', '25', '', '', '', '', '1.52', '0.85', '1.26']
GNGSA,['A', '3', '73', '74', '83', '84', '67', '', '', '', '', '', '', '', '1.52', '0.85', '1.26']
GPGSV,['4', '1', '15', '05', '28', '063', '38', '09', '02', '332', '', '16', '34', '302', '26', '18', '65', '171', '42']
GPGSV,['4', '2', '15', '20', '12', '032', '17', '23', '06', '154', '22', '25', '18', '137', '26', '26', '62', '282', '37']
GPGSV,['4', '3', '15', '28', '24', '213', '36', '29', '51', '074', '40', '31', '37', '238', '41', '36', '31', '168', '33']
GPGSV,['4', '4', '15', '40', '20', '132', '', '41', '04', '106', '', '49', '31', '191', '32']
GLGSV,['3', '1', '09', '66', '11', '360', '14', '67', '12', '050', '26', '73', '48', '172', '42', '74', '72', '281', '31']
GLGSV,['3', '2', '09', '75', '23', '324', '', '82', '08', '046', '21', '83', '48', '041', '32', '84', '60', '234', '32']
GLGSV,['3', '3', '09', '85', '08', '229', '14']
GNGLL,['5101.74612', 'N', '01345.09015', 'E', '160258.00', 'A', 'D']
GNRMC,['160259.00', 'A', '5101.74610', 'N', '01345.09017', 'E', '0.025', '', '190125', '4.68', 'E', 'D']
GNVTG,['', 'T', '', 'M', '0.025', 'N', '0.046', 'K', 'D']
GNGGA,['160259.00', '5101.74610', 'N', '01345.09017', 'E', '2', '12', '0.85', '133.9', 'M', '43.7', 'M', '', '0000']
GNGSA,['A', '3', '29', '18', '26', '31', '28', '05', '16', '25', '', '', '', '', '1.52', '0.85', '1.26']
GNGSA,['A', '3', '73', '74', '83', '84', '67', '', '', '', '', '', '', '', '1.52', '0.85', '1.26']
GPGSV,['4', '1', '15', '05', '28', '063', '38', '09', '02', '332', '', '16', '34', '302', '27', '18', '65', '171', '42']
GPGSV,['4', '2', '15', '20', '12', '032', '17', '23', '06', '154', '', '25', '18', '137', '26', '26', '62', '282', '38']
GPGSV,['4', '3', '15', '28', '24', '213', '36', '29', '51', '074', '40', '31', '37', '238', '42', '36', '31', '168', '33']
GPGSV,['4', '4', '15', '40', '20', '132', '', '41', '04', '106', '', '49', '31', '191', '31']
GLGSV,['3', '1', '09', '66', '11', '360', '13', '67', '12', '050', '26', '73', '48', '172', '41', '74', '72', '281', '31']
GLGSV,['3', '2', '09', '75', '23', '324', '', '82', '08', '046', '22', '83', '48', '041', '31', '84', '60', '234', '32']
GLGSV,['3', '3', '09', '85', '08', '229', '14']
GNGLL,['5101.74610', 'N', '01345.09017', 'E', '160259.00', 'A', 'D']
GNRMC,['160300.00', 'A', '5101.74605', 'N', '01345.09020', 'E', '0.249', '', '190125', '4.68', 'E', 'D']
GNVTG,['', 'T', '', 'M', '0.249', 'N', '0.462', 'K', 'D']
GNGGA,['160300.00', '5101.74605', 'N', '01345.09020', 'E', '2', '12', '0.85', '133.7', 'M', '43.7', 'M', '', '0000']
GNGSA,['A', '3', '29', '18', '26', '31', '28', '05', '16', '25', '', '', '', '', '1.52', '0.85', '1.26']
GNGSA,['A', '3', '73', '74', '83', '84', '67', '', '', '', '', '', '', '', '1.52', '0.85', '1.26']
GPGSV,['4', '1', '15', '05', '28', '063', '38', '09', '02', '332', '', '16', '34', '302', '28', '18', '65', '171', '42']
GPGSV,['4', '2', '15', '20', '12', '032', '16', '23', '06', '154', '', '25', '18', '137', '25', '26', '62', '282', '38']
GPGSV,['4', '3', '15', '28', '24', '213', '36', '29', '51', '074', '41', '31', '37', '238', '42', '36', '31', '168', '33']
GPGSV,['4', '4', '15', '40', '20', '132', '', '41', '04', '106', '', '49', '31', '191', '31']
GLGSV,['3', '1', '09', '66', '11', '360', '15', '67', '12', '050', '28', '73', '48', '172', '45', '74', '72', '281', '32']
GLGSV,['3', '2', '09', '75', '23', '324', '', '82', '08', '046', '22', '83', '48', '041', '32', '84', '60', '234', '35']
GLGSV,['3', '3', '09', '85', '08', '229', '18']
GNGLL,['5101.74605', 'N', '01345.09020', 'E', '160300.00', 'A', 'D']
GNRMC,['160301.00', 'A', '5101.74599', 'N', '01345.09027', 'E', '0.011', '', '190125', '4.68', 'E', 'D']
GNVTG,['', 'T', '', 'M', '0.011', 'N', '0.021', 'K', 'D']
GNGGA,['160301.00', '5101.74599', 'N', '01345.09027', 'E', '2', '12', '0.85', '133.7', 'M', '43.7', 'M', '', '0000']
GNGSA,['A', '3', '29', '18', '26', '31', '28', '05', '16', '25', '', '', '', '', '1.52', '0.85', '1.26']
GNGSA,['A', '3', '73', '74', '83', '84', '67', '', '', '', '', '', '', '', '1.52', '0.85', '1.26']
GPGSV,['4', '1', '15', '05', '28', '063', '39', '09', '02', '332', '', '16', '34', '302', '30', '18', '65', '171', '39']
GPGSV,['4', '2', '15', '20', '12', '032', '16', '23', '06', '154', '23', '25', '18', '137', '26', '26', '62', '282', '38']
GPGSV,['4', '3', '15', '28', '24', '213', '36', '29', '51', '074', '42', '31', '37', '238', '37', '36', '31', '168', '37']
GPGSV,['4', '4', '15', '40', '20', '132', '', '41', '04', '106', '', '49', '31', '191', '35']
GLGSV,['3', '1', '09', '66', '11', '360', '15', '67', '12', '050', '29', '73', '48', '172', '44', '74', '72', '281', '28']
GLGSV,['3', '2', '09', '75', '23', '324', '', '82', '08', '046', '23', '83', '48', '041', '33', '84', '60', '234', '32']
GLGSV,['3', '3', '09', '85', '08', '229', '']
GNGLL,['5101.74599', 'N', '01345.09027', 'E', '160301.00', 'A', 'D']
GNRMC,['160302.00', 'A', '5101.74599', 'N', '01345.09026', 'E', '0.046', '', '190125', '4.68', 'E', 'D']
GNVTG,['', 'T', '', 'M', '0.046', 'N', '0.086', 'K', 'D']
GNGGA,['160302.00', '5101.74599', 'N', '01345.09026', 'E', '2', '12', '0.85', '133.7', 'M', '43.7', 'M', '', '0000']
GNGSA,['A', '3', '29', '18', '26', '31', '28', '05', '16', '25', '', '', '', '', '1.52', '0.85', '1.26']
GNGSA,['A', '3', '73', '74', '83', '84', '67', '', '', '', '', '', '', '', '1.52', '0.85', '1.26']
GPGSV,['4', '1', '15', '05', '28', '063', '39', '09', '02', '332', '', '16', '34', '302', '29', '18', '65', '171', '39']
GPGSV,['4', '2', '15', '20', '12', '032', '16', '23', '06', '154', '22', '25', '18', '137', '26', '26', '62', '282', '35']
GPGSV,['4', '3', '15', '28', '24', '213', '34', '29', '51', '074', '42', '31', '37', '238', '37', '36', '31', '168', '36']
GPGSV,['4', '4', '15', '40', '20', '132', '', '41', '04', '106', '', '49', '31', '191', '32']
GLGSV,['3', '1', '09', '66', '11', '360', '', '67', '12', '050', '29', '73', '48', '172', '44', '74', '72', '281', '27']
GLGSV,['3', '2', '09', '75', '23', '324', '', '82', '08', '046', '22', '83', '48', '041', '33', '84', '60', '234', '31']
GLGSV,['3', '3', '09', '85', '08', '229', '']
GNGLL,['5101.74599', 'N', '01345.09026', 'E', '160302.00', 'A', 'D']
GNRMC,['160303.00', 'A', '5101.74600', 'N', '01345.09025', 'E', '0.028', '', '190125', '4.68', 'E', 'D']
GNVTG,['', 'T', '', 'M', '0.028', 'N', '0.051', 'K', 'D']
GNGGA,['160303.00', '5101.74600', 'N', '01345.09025', 'E', '2', '12', '1.04', '133.7', 'M', '43.7', 'M', '', '0000']
GNGSA,['A', '3', '29', '18', '26', '31', '28', '05', '25', '', '', '', '', '', '1.72', '1.04', '1.37']
GNGSA,['A', '3', '73', '74', '83', '84', '67', '', '', '', '', '', '', '', '1.72', '1.04', '1.37']
GPGSV,['4', '1', '15', '05', '28', '063', '39', '09', '02', '332', '', '16', '34', '302', '', '18', '65', '171', '39']
GPGSV,['4', '2', '15', '20', '12', '032', '18', '23', '06', '154', '23', '25', '18', '137', '26', '26', '62', '282', '35']
GPGSV,['4', '3', '15', '28', '24', '213', '34', '29', '51', '074', '42', '31', '37', '238', '36', '36', '31', '168', '37']
GPGSV,['4', '4', '15', '40', '20', '132', '', '41', '04', '106', '', '49', '31', '191', '34']
GLGSV,['3', '1', '09', '66', '11', '360', '', '67', '12', '050', '31', '73', '48', '172', '44', '74', '72', '281', '28']
GLGSV,['3', '2', '09', '75', '23', '324', '', '82', '08', '046', '24', '83', '48', '041', '34', '84', '60', '234', '31']
GLGSV,['3', '3', '09', '85', '08', '229', '20']
GNGLL,['5101.74600', 'N', '01345.09025', 'E', '160303.00', 'A', 'D']
GNRMC,['160304.00', 'A', '5101.74597', 'N', '01345.09025', 'E', '0.168', '', '190125', '4.68', 'E', 'D']
GNVTG,['', 'T', '', 'M', '0.168', 'N', '0.312', 'K', 'D']
GNGGA,['160304.00', '5101.74597', 'N', '01345.09025', 'E', '2', '12', '0.95', '133.7', 'M', '43.7', 'M', '', '0000']
GNGSA,['A', '3', '29', '18', '26', '31', '28', '05', '20', '25', '', '', '', '', '1.53', '0.95', '1.20']
GNGSA,['A', '3', '73', '74', '83', '84', '67', '', '', '', '', '', '', '', '1.53', '0.95', '1.20']
GPGSV,['4', '1', '15', '05', '28', '063', '39', '09', '02', '332', '', '16', '34', '302', '', '18', '65', '171', '39']
GPGSV,['4', '2', '15', '20', '12', '032', '21', '23', '06', '154', '21', '25', '18', '137', '28', '26', '62', '282', '35']
GPGSV,['4', '3', '15', '28', '24', '213', '35', '29', '51', '074', '41', '31', '37', '238', '34', '36', '31', '168', '36']
GPGSV,['4', '4', '15', '40', '20', '132', '', '41', '04', '106', '', '49', '31', '191', '33']
GLGSV,['3', '1', '09', '66', '11', '360', '', '67', '12', '050', '31', '73', '48', '172', '42', '74', '72', '281', '27']
GLGSV,['3', '2', '09', '75', '23', '324', '', '82', '08', '046', '24', '83', '48', '041', '32', '84', '60', '234', '30']
GLGSV,['3', '3', '09', '85', '08', '229', '19']
GNGLL,['5101.74597', 'N', '01345.09025', 'E', '160304.00', 'A', 'D']
GNRMC,['160305.00', 'A', '5101.74594', 'N', '01345.09028', 'E', '0.007', '', '190125', '4.68', 'E', 'D']
GNVTG,['', 'T', '', 'M', '0.007', 'N', '0.013', 'K', 'D']
GNGGA,['160305.00', '5101.74594', 'N', '01345.09028', 'E', '2', '12', '0.95', '133.7', 'M', '43.7', 'M', '', '0000']
GNGSA,['A', '3', '29', '18', '26', '31', '28', '05', '20', '25', '', '', '', '', '1.53', '0.95', '1.20']
GNGSA,['A', '3', '73', '74', '83', '84', '67', '', '', '', '', '', '', '', '1.53', '0.95', '1.20']
GPGSV,['4', '1', '15', '05', '28', '063', '40', '09', '02', '332', '', '16', '34', '302', '', '18', '65', '171', '38']
GPGSV,['4', '2', '15', '20', '12', '032', '21', '23', '06', '154', '21', '25', '18', '137', '29', '26', '62', '282', '36']
GPGSV,['4', '3', '15', '28', '24', '213', '36', '29', '51', '074', '43', '31', '37', '238', '38', '36', '31', '168', '37']
GPGSV,['4', '4', '15', '40', '20', '132', '', '41', '04', '106', '', '49', '31', '191', '34']
GLGSV,['3', '1', '09', '66', '11', '360', '', '67', '12', '050', '33', '73', '48', '172', '44', '74', '72', '281', '32']
GLGSV,['3', '2', '09', '75', '23', '324', '25', '82', '08', '046', '26', '83', '48', '041', '32', '84', '60', '234', '31']
GLGSV,['3', '3', '09', '85', '08', '229', '18']
GNGLL,['5101.74594', 'N', '01345.09028', 'E', '160305.00', 'A', 'D']
GNRMC,['160306.00', 'A', '5101.74590', 'N', '01345.09035', 'E', '0.039', '', '190125', '4.68', 'E', 'D']
GNVTG,['', 'T', '', 'M', '0.039', 'N', '0.072', 'K', 'D']
GNGGA,['160306.00', '5101.74590', 'N', '01345.09035', 'E', '2', '12', '0.81', '133.8', 'M', '43.7', 'M', '', '0000']
GNGSA,['A', '3', '29', '18', '26', '31', '28', '05', '16', '20', '25', '', '', '', '1.41', '0.81', '1.16']
GNGSA,['A', '3', '73', '74', '83', '84', '67', '', '', '', '', '', '', '', '1.41', '0.81', '1.16']
GPGSV,['4', '1', '15', '05', '28', '063', '40', '09', '02', '332', '', '16', '34', '302', '32', '18', '65', '171', '39']
GPGSV,['4', '2', '15', '20', '12', '032', '20', '23', '06', '154', '21', '25', '18', '137', '29', '26', '62', '282', '37']
GPGSV,['4', '3', '15', '28', '24', '213', '36', '29', '51', '074', '43', '31', '37', '238', '39', '36', '31', '168', '37']
GPGSV,['4', '4', '15', '40', '20', '132', '', '41', '04', '106', '', '49', '31', '191', '35']
GLGSV,['3', '1', '09', '66', '11', '360', '21', '67', '12', '050', '33', '73', '48', '172', '45', '74', '72', '281', '31']
GLGSV,['3', '2', '09', '75', '23', '324', '25', '82', '08', '046', '27', '83', '48', '041', '35', '84', '60', '234', '33']
GLGSV,['3', '3', '09', '85', '08', '229', '21']
GNGLL,['5101.74590', 'N', '01345.09035', 'E', '160306.00', 'A', 'D']
GNRMC,['160307.00', 'A', '5101.74580', 'N', '01345.09059', 'E', '0.102', '', '190125', '4.68', 'E', 'D']
GNVTG,['', 'T', '', 'M', '0.102', 'N', '0.188', 'K', 'D']
GNGGA,['160307.00', '5101.74580', 'N', '01345.09059', 'E', '2', '12', '0.81', '134.2', 'M', '43.7', 'M', '', '0000']
GNGSA,['A', '3', '29', '18', '26', '31', '28', '05', '16', '20', '25', '', '', '', '1.41', '0.81', '1.16']
GNGSA,['A', '3', '73', '74', '83', '84', '67', '', '', '', '', '', '', '', '1.41', '0.81', '1.16']
GPGSV,['4', '1', '15', '05', '28', '063', '41', '09', '02', '332', '', '16', '34', '302', '32', '18', '65', '171', '40']
GPGSV,['4', '2', '15', '20', '12', '032', '20', '23', '06', '154', '21', '25', '18', '137', '29', '26', '62', '282', '38']
GPGSV,['4', '3', '15', '28', '24', '213', '38', '29', '51', '074', '44', '31', '37', '238', '40', '36', '31', '168', '38']
GPGSV,['4', '4', '15', '40', '20', '132', '', '41', '04', '106', '', '49', '31', '191', '37']
GLGSV,['3', '1', '09', '66', '11', '360', '', '67', '12', '050', '30', '73', '48', '172', '45', '74', '72', '281', '31']
GLGSV,['3', '2', '09', '75', '23', '324', '21', '82', '08', '046', '27', '83', '48', '041', '33', '84', '60', '234', '33']
GLGSV,['3', '3', '09', '85', '08', '229', '20']
GNGLL,['5101.74580', 'N', '01345.09059', 'E', '160307.00', 'A', 'D']
GNRMC,['160308.00', 'A', '5101.74573', 'N', '01345.09072', 'E', '0.027', '', '190125', '4.68', 'E', 'D']
GNVTG,['', 'T', '', 'M', '0.027', 'N', '0.050', 'K', 'D']
GNGGA,['160308.00', '5101.74573', 'N', '01345.09072', 'E', '2', '12', '1.04', '134.6', 'M', '43.7', 'M', '', '0000']
GNGSA,['A', '3', '29', '18', '26', '31', '28', '05', '16', '25', '', '', '', '', '1.72', '1.04', '1.37']
GNGSA,['A', '3', '73', '74', '83', '84', '75', '67', '', '', '', '', '', '', '1.72', '1.04', '1.37']
GPGSV,['4', '1', '15', '05', '28', '063', '41', '09', '02', '332', '', '16', '34', '302', '32', '18', '65', '171', '40']
GPGSV,['4', '2', '15', '20', '12', '032', '21', '23', '06', '154', '20', '25', '18', '137', '29', '26', '62', '282', '38']
GPGSV,['4', '3', '15', '28', '24', '213', '37', '29', '51', '074', '44', '31', '37', '238', '40', '36', '31', '168', '38']
GPGSV,['4', '4', '15', '40', '20', '132', '', '41', '04', '106', '', '49', '31', '191', '35']
GLGSV,['3', '1', '09', '66', '11', '360', '', '67', '12', '050', '31', '73', '48', '172', '46', '74', '72', '281', '31']
GLGSV,['3', '2', '09', '75', '23', '324', '20', '82', '08', '046', '27', '83', '48', '041', '34', '84', '60', '234', '34']
GLGSV,['3', '3', '09', '85', '08', '229', '20']
GNGLL,['5101.74573', 'N', '01345.09072', 'E', '160308.00', 'A', 'D']
GNRMC,['160309.00', 'A', '5101.74570', 'N', '01345.09074', 'E', '0.061', '', '190125', '4.68', 'E', 'D']
GNVTG,['', 'T', '', 'M', '0.061', 'N', '0.112', 'K', 'D']
GNGGA,['160309.00', '5101.74570', 'N', '01345.09074', 'E', '2', '12', '0.95', '134.9', 'M', '43.7', 'M', '', '0000']
GNGSA,['A', '3', '29', '18', '26', '31', '28', '05', '16', '20', '25', '', '', '', '1.53', '0.95', '1.20']
GNGSA,['A', '3', '73', '74', '83', '84', '75', '67', '', '', '', '', '', '', '1.53', '0.95', '1.20']
GPGSV,['4', '1', '15', '05', '28', '063', '41', '09', '02', '332', '', '16', '34', '302', '33', '18', '65', '171', '40']
GPGSV,['4', '2', '15', '20', '12', '032', '21', '23', '06', '154', '20', '25', '18', '137', '29', '26', '62', '282', '38']
GPGSV,['4', '3', '15', '28', '24', '213', '38', '29', '51', '074', '44', '31', '37', '238', '40', '36', '31', '168', '38']
GPGSV,['4', '4', '15', '40', '20', '132', '', '41', '04', '106', '', '49', '31', '191', '35']
GLGSV,['3', '1', '09', '66', '11', '360', '18', '67', '12', '050', '33', '73', '48', '172', '46', '74', '72', '281', '30']
GLGSV,['3', '2', '09', '75', '23', '324', '21', '82', '08', '046', '27', '83', '48', '041', '34', '84', '60', '234', '33']
GLGSV,['3', '3', '09', '85', '08', '229', '20']
GNGLL,['5101.74570', 'N', '01345.09074', 'E', '160309.00', 'A', 'D']
GNRMC,['160310.00', 'A', '5101.74568', 'N', '01345.09076', 'E', '0.031', '', '190125', '4.68', 'E', 'D']
GNVTG,['', 'T', '', 'M', '0.031', 'N', '0.057', 'K', 'D']
GNGGA,['160310.00', '5101.74568', 'N', '01345.09076', 'E', '2', '12', '0.81', '135.1', 'M', '43.7', 'M', '', '0000']
GNGSA,['A', '3', '29', '18', '26', '31', '28', '05', '16', '20', '25', '', '', '', '1.41', '0.81', '1.16']
GNGSA,['A', '3', '73', '74', '83', '84', '75', '67', '', '', '', '', '', '', '1.41', '0.81', '1.16']
GPGSV,['4', '1', '15', '05', '28', '063', '41', '09', '02', '332', '', '16', '34', '302', '33', '18', '65', '171', '41']
GPGSV,['4', '2', '15', '20', '12', '032', '23', '23', '06', '154', '20', '25', '18', '137', '28', '26', '62', '282', '38']
GPGSV,['4', '3', '15', '28', '24', '213', '38', '29', '51', '074', '43', '31', '37', '238', '40', '36', '31', '168', '38']
GPGSV,['4', '4', '15', '40', '20', '132', '', '41', '04', '106', '', '49', '31', '191', '35']
GLGSV,['3', '1', '09', '66', '11', '360', '18', '67', '12', '050', '34', '73', '48', '172', '46', '74', '72', '281', '31']
GLGSV,['3', '2', '09', '75', '23', '324', '23', '82', '08', '046', '28', '83', '48', '041', '35', '84', '60', '234', '33']
GLGSV,['3', '3', '09', '85', '08', '229', '21']
GNGLL,['5101.74568', 'N', '01345.09076', 'E', '160310.00', 'A', 'D']
GNRMC,['160311.00', 'A', '5101.74562', 'N', '01345.09077', 'E', '0.014', '', '190125', '4.68', 'E', 'D']
GNVTG,['', 'T', '', 'M', '0.014', 'N', '0.026', 'K', 'D']
GNGGA,['160311.00', '5101.74562', 'N', '01345.09077', 'E', '2', '12', '0.73', '135.2', 'M', '43.7', 'M', '', '0000']
GNGSA,['A', '3', '29', '18', '26', '31', '28', '05', '16', '20', '25', '', '', '', '1.33', '0.73', '1.11']
GNGSA,['A', '3', '73', '74', '83', '84', '75', '67', '', '', '', '', '', '', '1.33', '0.73', '1.11']
GPGSV,['4', '1', '15', '05', '28', '063', '42', '09', '02', '332', '', '16', '34', '302', '32', '18', '65', '171', '40']
GPGSV,['4', '2', '15', '20', '12', '032', '24', '23', '06', '154', '20', '25', '18', '137', '28', '26', '62', '282', '38']
GPGSV,['4', '3', '15', '28', '24', '213', '38', '29', '51', '074', '43', '31', '37', '238', '40', '36', '31', '168', '37']
GPGSV,['4', '4', '15', '40', '20', '132', '', '41', '04', '106', '', '49', '31', '191', '35']
GLGSV,['3', '1', '09', '66', '11', '360', '16', '67', '12', '050', '34', '73', '48', '172', '45', '74', '72', '281', '31']
GLGSV,['3', '2', '09', '75', '23', '324', '23', '82', '08', '046', '28', '83', '48', '041', '35', '84', '60', '234', '33']
GLGSV,['3', '3', '09', '85', '08', '229', '22']
GNGLL,['5101.74562', 'N', '01345.09077', 'E', '160311.00', 'A', 'D']
GNRMC,['160312.00', 'A', '5101.74560', 'N', '01345.09073', 'E', '0.280', '', '190125', '4.68', 'E', 'D']
GNVTG,['', 'T', '', 'M', '0.280', 'N', '0.518', 'K', 'D']
GNGGA,['160312.00', '5101.74560', 'N', '01345.09073', 'E', '2', '12', '0.73', '135.2', 'M', '43.7', 'M', '', '0000']
GNGSA,['A', '3', '29', '18', '26', '31', '28', '05', '16', '20', '25', '', '', '', '1.33', '0.73', '1.11']
GNGSA,['A', '3', '73', '74', '83', '84', '75', '67', '', '', '', '', '', '', '1.33', '0.73', '1.11']
GPGSV,['4', '1', '15', '05', '28', '063', '40', '09', '02', '332', '', '16', '34', '302', '36', '18', '65', '171', '38']
GPGSV,['4', '2', '15', '20', '12', '032', '23', '23', '06', '154', '', '25', '18', '137', '30', '26', '62', '282', '38']
GPGSV,['4', '3', '15', '28', '24', '213', '35', '29', '51', '074', '46', '31', '37', '238', '40', '36', '31', '168', '37']
GPGSV,['4', '4', '15', '40', '20', '132', '', '41', '04', '106', '', '49', '31', '191', '36']
GLGSV,['3', '1', '09', '66', '11', '360', '13', '67', '12', '050', '30', '73', '48', '172', '44', '74', '72', '281', '31']
GLGSV,['3', '2', '09', '75', '23', '324', '22', '82', '08', '046', '28', '83', '48', '041', '31', '84', '60', '234', '33']
GLGSV,['3', '3', '09', '85', '08', '229', '25']
GNGLL,['5101.74560', 'N', '01345.09073', 'E', '160312.00', 'A', 'D']
GNRMC,['160313.00', 'A', '5101.74575', 'N', '01345.09054', 'E', '0.044', '', '190125', '4.68', 'E', 'D']
GNVTG,['', 'T', '', 'M', '0.044', 'N', '0.082', 'K', 'D']
GNGGA,['160313.00', '5101.74575', 'N', '01345.09054', 'E', '2', '12', '0.74', '135.6', 'M', '43.7', 'M', '', '0000']
GNGSA,['A', '3', '29', '18', '26', '31', '28', '05', '16', '20', '25', '', '', '', '1.38', '0.74', '1.17']
GNGSA,['A', '3', '73', '74', '83', '84', '75', '67', '', '', '', '', '', '', '1.38', '0.74', '1.17']
GPGSV,['4', '1', '15', '05', '28', '063', '38', '09', '02', '332', '', '16', '34', '302', '36', '18', '65', '171', '35']
GPGSV,['4', '2', '15', '20', '12', '032', '20', '23', '06', '154', '', '25', '18', '137', '30', '26', '62', '282', '39']
GPGSV,['4', '3', '15', '28', '24', '213', '35', '29', '51', '074', '43', '31', '37', '238', '40', '36', '31', '168', '36']
GPGSV,['4', '4', '15', '40', '20', '132', '', '41', '04', '106', '', '49', '31', '191', '32']
GLGSV,['3', '1', '09', '66', '11', '360', '19', '67', '12', '050', '28', '73', '48', '172', '38', '74', '72', '281', '30']
GLGSV,['3', '2', '09', '75', '23', '324', '23', '82', '08', '046', '11', '83', '48', '041', '25', '84', '60', '234', '31']
GLGSV,['3', '3', '09', '85', '08', '229', '22']
GNGLL,['5101.74575', 'N', '01345.09054', 'E', '160313.00', 'A', 'D']
GNRMC,['160314.00', 'A', '5101.74573', 'N', '01345.09069', 'E', '0.219', '', '190125', '4.68', 'E', 'D']
GNVTG,['', 'T', '', 'M', '0.219', 'N', '0.405', 'K', 'D']
GNGGA,['160314.00', '5101.74573', 'N', '01345.09069', 'E', '2', '12', '0.78', '135.9', 'M', '43.7', 'M', '', '0000']
GNGSA,['A', '3', '29', '18', '26', '31', '28', '05', '16', '25', '', '', '', '', '1.52', '0.78', '1.30']
GNGSA,['A', '3', '73', '74', '83', '84', '66', '75', '67', '', '', '', '', '', '1.52', '0.78', '1.30']
GPGSV,['4', '1', '15', '05', '28', '063', '38', '09', '02', '332', '', '16', '34', '302', '37', '18', '65', '171', '38']
GPGSV,['4', '2', '15', '20', '12', '032', '18', '23', '06', '154', '', '25', '18', '137', '32', '26', '62', '282', '38']
GPGSV,['4', '3', '15', '28', '24', '213', '35', '29', '51', '074', '45', '31', '37', '238', '40', '36', '31', '168', '35']
GPGSV,['4', '4', '15', '40', '20', '132', '', '41', '04', '106', '', '49', '31', '191', '36']
GLGSV,['3', '1', '09', '66', '11', '360', '21', '67', '12', '050', '27', '73', '48', '172', '41', '74', '72', '281', '29']
GLGSV,['3', '2', '09', '75', '23', '324', '22', '82', '08', '046', '09', '83', '48', '041', '27', '84', '60', '234', '32']
GLGSV,['3', '3', '09', '85', '08', '229', '21']
GNGLL,['5101.74573', 'N', '01345.09069', 'E', '160314.00', 'A', 'D']
GNRMC,['160315.00', 'A', '5101.74583', 'N', '01345.09067', 'E', '0.040', '', '190125', '4.68', 'E', 'D']
GNVTG,['', 'T', '', 'M', '0.040', 'N', '0.073', 'K', 'D']
GNGGA,['160315.00', '5101.74583', 'N', '01345.09067', 'E', '2', '12', '0.75', '136.2', 'M', '43.7', 'M', '', '0000']
GNGSA,['A', '3', '29', '18', '26', '31', '28', '05', '16', '25', '', '', '', '', '1.39', '0.75', '1.17']
GNGSA,['A', '3', '73', '74', '83', '84', '75', '67', '', '', '', '', '', '', '1.39', '0.75', '1.17']
GPGSV,['4', '1', '15', '05', '28', '063', '40', '09', '02', '332', '', '16', '34', '302', '33', '18', '66', '171', '39']
GPGSV,['4', '2', '15', '20', '12', '032', '18', '23', '06', '154', '', '25', '18', '137', '32', '26', '62', '282', '40']
GPGSV,['4', '3', '15', '28', '24', '213', '35', '29', '51', '074', '43', '31', '37', '238', '41', '36', '31', '168', '35']
GPGSV,['4', '4', '15', '40', '20', '132', '', '41', '04', '106', '', '49', '31', '191', '35']
GLGSV,['3', '1', '09', '66', '11', '360', '18', '67', '12', '050', '32', '73', '48', '172', '43', '74', '72', '281', '30']
GLGSV,['3', '2', '09', '75', '23', '324', '23', '82', '08', '046', '18', '83', '48', '041', '31', '84', '60', '234', '32']
GLGSV,['3', '3', '09', '85', '08', '229', '21']
GNGLL,['5101.74583', 'N', '01345.09067', 'E', '160315.00', 'A', 'D']
GNRMC,['160316.00', 'A', '5101.74582', 'N', '01345.09071', 'E', '0.027', '', '190125', '4.68', 'E', 'D']
GNVTG,['', 'T', '', 'M', '0.027', 'N', '0.050', 'K', 'D']
GNGGA,['160316.00', '5101.74582', 'N', '01345.09071', 'E', '2', '12', '0.85', '136.3', 'M', '43.7', 'M', '', '0000']
GNGSA,['A', '3', '29', '18', '26', '31', '28', '05', '16', '25', '', '', '', '', '1.52', '0.85', '1.26']
GNGSA,['A', '3', '73', '74', '83', '84', '75', '67', '', '', '', '', '', '', '1.52', '0.85', '1.26']
GPGSV,['4', '1', '15', '05', '28', '063', '40', '09', '02', '332', '', '16', '34', '302', '32', '18', '66', '171', '39']
GPGSV,['4', '2', '15', '20', '12', '032', '18', '23', '06', '154', '', '25', '18', '137', '33', '26', '62', '282', '40']
GPGSV,['4', '3', '15', '28', '24', '213', '34', '29', '51', '074', '42', '31', '37', '238', '39', '36', '31', '168', '36']
GPGSV,['4', '4', '15', '40', '20', '132', '', '41', '04', '106', '', '49', '31', '191', '35']
GLGSV,['3', '1', '09', '66', '11', '360', '17', '67', '12', '050', '32', '73', '48', '172', '43', '74', '72', '281', '31']
GLGSV,['3', '2', '09', '75', '23', '324', '25', '82', '08', '046', '22', '83', '48', '041', '31', '84', '60', '234', '32']
GLGSV,['3', '3', '09', '85', '08', '229', '22']
GNGLL,['5101.74582', 'N', '01345.09071', 'E', '160316.00', 'A', 'D']
GNRMC,['160317.00', 'A', '5101.74583', 'N', '01345.09074', 'E', '0.077', '', '190125', '4.68', 'E', 'D']
GNVTG,['', 'T', '', 'M', '0.077', 'N', '0.143', 'K', 'D']
GNGGA,['160317.00', '5101.74583', 'N', '01345.09074', 'E', '2', '12', '0.81', '136.4', 'M', '43.7', 'M', '', '0000']
GNGSA,['A', '3', '29', '18', '26', '31', '28', '05', '16', '20', '25', '', '', '', '1.41', '0.81', '1.16']
GNGSA,['A', '3', '73', '74', '83', '84', '75', '67', '', '', '', '', '', '', '1.41', '0.81', '1.16']
GPGSV,['4', '1', '15', '05', '28', '063', '40', '09', '02', '332', '', '16', '34', '302', '30', '18', '66', '171', '41']
GPGSV,['4', '2', '15', '20', '12', '032', '21', '23', '06', '154', '', '25', '18', '137', '31', '26', '62', '282', '38']
GPGSV,['4', '3', '15', '28', '24', '213', '35', '29', '51', '074', '41', '31', '37', '238', '41', '36', '31', '168', '33']
GPGSV,['4', '4', '15', '40', '20', '132', '', '41', '04', '106', '', '49', '31', '191', '32']
GLGSV,['3', '1', '09', '66', '11', '360', '19', '67', '12', '050', '32', '73', '48', '172', '42', '74', '72', '281', '30']
GLGSV,['3', '2', '09', '75', '23', '324', '25', '82', '08', '046', '26', '83', '48', '041', '31', '84', '60', '234', '32']
GLGSV,['3', '3', '09', '85', '08', '229', '23']
GNGLL,['5101.74583', 'N', '01345.09074', 'E', '160317.00', 'A', 'D']
GNRMC,['160318.00', 'A', '5101.74579', 'N', '01345.09082', 'E', '0.014', '', '190125', '4.68', 'E', 'D']
GNVTG,['', 'T', '', 'M', '0.014', 'N', '0.026', 'K', 'D']
GNGGA,['160318.00', '5101.74579', 'N', '01345.09082', 'E', '2', '12', '0.81', '136.4', 'M', '43.7', 'M', '', '0000']
GNGSA,['A', '3', '29', '18', '26', '31', '28', '05', '16', '20', '25', '', '', '', '1.41', '0.81', '1.16']
GNGSA,['A', '3', '73', '74', '83', '84', '66', '75', '67', '', '', '', '', '', '1.41', '0.81', '1.16']
GPGSV,['4', '1', '15', '05', '28', '063', '39', '09', '02', '332', '', '16', '34', '302', '30', '18', '66', '171', '41']
GPGSV,['4', '2', '15', '20', '12', '032', '21', '23', '06', '154', '', '25', '18', '137', '31', '26', '62', '282', '40']
GPGSV,['4', '3', '15', '28', '24', '213', '35', '29', '51', '074', '42', '31', '37', '238', '41', '36', '31', '168', '33']
GPGSV,['4', '4', '15', '40', '20', '132', '', '41', '04', '106', '', '49', '31', '191', '33']
GLGSV,['3', '1', '09', '66', '11', '360', '21', '67', '12', '050', '30', '73', '48', '172', '41', '74', '72', '281', '31']
GLGSV,['3', '2', '09', '75', '23', '324', '26', '82', '08', '046', '26', '83', '48', '041', '31', '84', '60', '234', '33']
GLGSV,['3', '3', '09', '85', '08', '229', '24']
GNGLL,['5101.74579', 'N', '01345.09082', 'E', '160318.00', 'A', 'D']
GNRMC,['160319.00', 'A', '5101.74579', 'N', '01345.09086', 'E', '0.006', '', '190125', '4.68', 'E', 'D']
GNVTG,['', 'T', '', 'M', '0.006', 'N', '0.011', 'K', 'D']
GNGGA,['160319.00', '5101.74579', 'N', '01345.09086', 'E', '2', '12', '0.81', '136.5', 'M', '43.7', 'M', '', '0000']
GNGSA,['A', '3', '29', '18', '26', '31', '28', '05', '16', '20', '25', '', '', '', '1.41', '0.81', '1.16']
GNGSA,['A', '3', '73', '74', '83', '84', '66', '75', '67', '', '', '', '', '', '1.41', '0.81', '1.16']
GPGSV,['4', '1', '15', '05', '28', '063', '39', '09', '02', '332', '', '16', '34', '302', '30', '18', '66', '171', '41']
GPGSV,['4', '2', '15', '20', '12', '032', '21', '23', '07', '154', '', '25', '18', '137', '30', '26', '62', '282', '41']
GPGSV,['4', '3', '15', '28', '24', '213', '35', '29', '51', '074', '43', '31', '37', '238', '41', '36', '31', '168', '34']
GPGSV,['4', '4', '15', '40', '20', '132', '', '41', '04', '106', '', '49', '31', '191', '33']
GLGSV,['3', '1', '09', '66', '11', '360', '22', '67', '12', '050', '31', '73', '48', '172', '42', '74', '72', '281', '31']
GLGSV,['3', '2', '09', '75', '23', '324', '27', '82', '08', '046', '26', '83', '48', '041', '31', '84', '60', '234', '33']
GLGSV,['3', '3', '09', '85', '08', '229', '23']
GNGLL,['5101.74579', 'N', '01345.09086', 'E', '160319.00', 'A', 'D']
GNRMC,['160320.00', 'A', '5101.74575', 'N', '01345.09090', 'E', '0.010', '', '190125', '4.68', 'E', 'D']
GNVTG,['', 'T', '', 'M', '0.010', 'N', '0.019', 'K', 'D']
GNGGA,['160320.00', '5101.74575', 'N', '01345.09090', 'E', '2', '12', '0.73', '136.5', 'M', '43.7', 'M', '', '0000']
GNGSA,['A', '3', '29', '18', '26', '31', '28', '05', '16', '20', '25', '', '', '', '1.33', '0.73', '1.11']
GNGSA,['A', '3', '73', '74', '83', '84', '66', '75', '67', '', '', '', '', '', '1.33', '0.73', '1.11']
GPGSV,['4', '1', '15', '05', '28', '063', '40', '09', '02', '332', '', '16', '34', '302', '30', '18', '66', '171', '41']
GPGSV,['4', '2', '15', '20', '12', '032', '21', '23', '07', '154', '', '25', '18', '137', '30', '26', '62', '282', '41']
GPGSV,['4', '3', '15', '28', '24', '213', '35', '29', '51', '074', '42', '31', '37', '238', '41', '36', '31', '168', '34']
GPGSV,['4', '4', '15', '40', '20', '132', '', '41', '04', '106', '', '49', '31', '191', '33']
GLGSV,['3', '1', '09', '66', '11', '360', '23', '67', '12', '050', '32', '73', '48', '172', '43', '74', '72', '281', '33']
GLGSV,['3', '2', '09', '75', '23', '324', '27', '82', '08', '046', '26', '83', '48', '041', '32', '84', '60', '234', '33']
GLGSV,['3', '3', '09', '85', '08', '229', '23']
GNGLL,['5101.74575', 'N', '01345.09090', 'E', '160320.00', 'A', 'D']
GNRMC,['160321.00', 'A', '5101.74571', 'N', '01345.09096', 'E', '0.027', '', '190125', '4.68', 'E', 'D']
GNVTG,['', 'T', '', 'M', '0.027', 'N', '0.050', 'K', 'D']
GNGGA,['160321.00', '5101.74571', 'N', '01345.09096', 'E', '2', '12', '0.74', '136.5', 'M', '43.7', 'M', '', '0000']
GNGSA,['A', '3', '29', '18', '26', '31', '28', '05', '16', '20', '25', '', '', '', '1.38', '0.74', '1.16']
GNGSA,['A', '3', '73', '74', '83', '84', '66', '75', '67', '', '', '', '', '', '1.38', '0.74', '1.16']
GPGSV,['4', '1', '15', '05', '28', '063', '39', '09', '02', '332', '', '16', '34', '302', '30', '18', '66', '171', '42']
GPGSV,['4', '2', '15', '20', '12', '032', '22', '23', '07', '154', '', '25', '17', '137', '31', '26', '62', '282', '41']
GPGSV,['4', '3', '15', '28', '24', '213', '35', '29', '51', '074', '41', '31', '37', '238', '41', '36', '31', '168', '34']
GPGSV,['4', '4', '15', '40', '20', '132', '', '41', '04', '106', '', '49', '31', '191', '33']
GLGSV,['3', '1', '09', '66', '11', '360', '22', '67', '12', '050', '34', '73', '48', '172', '43', '74', '72', '281', '33']
GLGSV,['3', '2', '09', '75', '23', '324', '27', '82', '08', '046', '26', '83', '48', '041', '32', '84', '60', '234', '33']
GLGSV,['3', '3', '09', '85', '08', '229', '24']
GNGLL,['5101.74571', 'N', '01345.09096', 'E', '160321.00', 'A', 'D']
